metric,delta
accuracy,0.10237258347978914
f1_weighted,0.12751410003593008
f1_macro,0.09905806279617486
